{
  "grid_size": 80,
  "smooth_factor": 1.5,
  "total_grids": 3380,
  "time_periods": [
    "00:00",
    "01:00",
    "02:00",
    "03:00",
    "04:00",
    "05:00",
    "06:00",
    "07:00",
    "08:00",
    "09:00",
    "10:00",
    "11:00",
    "12:00",
    "13:00",
    "14:00",
    "15:00",
    "16:00",
    "17:00",
    "18:00",
    "19:00",
    "20:00",
    "21:00",
    "22:00",
    "23:00"
  ],
  "bounds": [
    126.76427829650976,
    37.42901070369192,
    127.18355190345548,
    37.70107989967061
  ],
  "description": "서울 유동인구 그리드 데이터"
}